{"count":1,"self":106.88571519999999,"total":107.9329793,"children":{"InitializeActuators":{"count":16,"self":0.00075019999999999991,"total":0.00075019999999999991,"children":null},"InitializeSensors":{"count":16,"self":0,"total":0,"children":null},"AgentSendState":{"count":10317,"self":0.0762939,"total":0.1582236,"children":{"CollectObservations":{"count":16512,"self":0.0271804,"total":0.0271804,"children":null},"WriteActionMask":{"count":16512,"self":0.013499299999999999,"total":0.013499299999999999,"children":null},"RequestDecision":{"count":16512,"self":0.041249999999999995,"total":0.041249999999999995,"children":null}}},"DecideAction":{"count":10317,"self":0.74802629999999992,"total":0.74802629999999992,"children":null},"AgentAct":{"count":10317,"self":0.14026429999999998,"total":0.14026429999999998,"children":null}},"gauges":{"Basic.CumulativeReward":{"count":34,"max":46.34018,"min":2.41262555,"runningAverage":40.4770432,"value":2.41262555,"weightedAverage":34.54477}},"metadata":{"timer_format_version":"0.1.0","start_time_seconds":"1609022052","unity_version":"2020.1.17f1","command_line_arguments":"C:\\Program Files\\Unity\\Hub\\Editor\\2020.1.17f1\\Editor\\Unity.exe -projectpath I:\/Unity ML Agents\/RoboLeague -useHub -hubIPC -cloudEnvironment production -hubSessionId bea597f0-4630-11eb-a76d-53114b39d51d -accessToken x5XhMpBfSUg9YCaUWls6qjfv5DQnVdXUMUe0LfPhO6I008f","communication_protocol_version":"1.3.0","com.unity.ml-agents_version":"1.7.0-preview","scene_name":"CalmHover","end_time_seconds":"1609022160"}}