{"count":1,"self":71.7671616,"total":72.1931407,"children":{"InitializeActuators":{"count":12,"self":0.0022497999999999997,"total":0.0022497999999999997,"children":null},"InitializeSensors":{"count":12,"self":0.00075019999999999991,"total":0.00075019999999999991,"children":null},"AgentSendState":{"count":6745,"self":0.0391725,"total":0.068116299999999991,"children":{"CollectObservations":{"count":8100,"self":0.0090023,"total":0.0090023,"children":null},"WriteActionMask":{"count":8100,"self":0.0034398,"total":0.0034398,"children":null},"RequestDecision":{"count":8100,"self":0.016501699999999998,"total":0.016501699999999998,"children":null}}},"DecideAction":{"count":6745,"self":0.3113672,"total":0.3113672,"children":null},"AgentAct":{"count":6745,"self":0.0427484,"total":0.0427484,"children":null}},"gauges":{"Basic.CumulativeReward":{"count":145,"max":37.412674,"min":6.09632826,"runningAverage":10.4652977,"value":7.652277,"weightedAverage":8.088909}},"metadata":{"timer_format_version":"0.1.0","start_time_seconds":"1609013904","unity_version":"2020.1.17f1","command_line_arguments":"C:\\Program Files\\Unity\\Hub\\Editor\\2020.1.17f1\\Editor\\Unity.exe -projectpath I:\/Unity ML Agents\/RoboLeague -useHub -hubIPC -cloudEnvironment production -hubSessionId bea597f0-4630-11eb-a76d-53114b39d51d -accessToken HKlxPVYdQnwI1HdWXJ75air0y8fz2HuMs0BZxQauPY8008f","communication_protocol_version":"1.3.0","com.unity.ml-agents_version":"1.7.0-preview","scene_name":"SimpleMLTest","end_time_seconds":"1609013976"}}